-- ADDRESS

insert into "address" ("id", "country", "city", "street", "house_number", "flat_number", "index", "zip_code") values ('536d59c0-44a4-4576-94a3-4e06e5d93c13', 'China', 'Erdao', 'Valley Edge', '40691', null, 71, null);
insert into "address" ("id", "country", "city", "street", "house_number", "flat_number", "index", "zip_code") values ('60583926-a342-4d19-948a-7ac899a83421', 'Indonesia', 'Jamban', 'Muir', '9', null, null, null);
insert into "address" ("id", "country", "city", "street", "house_number", "flat_number", "index", "zip_code") values ('0ec1794d-bc82-4151-b0f5-0f85b7e32a8b', 'Germany', 'Augsburg', 'Trailsway', '004', 125, 81, null);
insert into "address" ("id", "country", "city", "street", "house_number", "flat_number", "index", "zip_code") values ('4fbf1c26-d6fa-4055-aed9-54f77a5ca419', 'China', 'Songshan', 'Kensington', '332', null, 50, null);
insert into "address" ("id", "country", "city", "street", "house_number", "flat_number", "index", "zip_code") values ('c02c3d52-3bd1-4626-b867-ade091614071', 'Brazil', 'Matriz de Camaragibe', 'Dwight', '3001', 307, 49, null);
insert into "address" ("id", "country", "city", "street", "house_number", "flat_number", "index", "zip_code") values ('65762a9d-6ab5-4b5b-b688-2589cfa753fc', 'Philippines', 'Luna', 'Stephen', '0', null, 37, null);
insert into "address" ("id", "country", "city", "street", "house_number", "flat_number", "index", "zip_code") values ('7a2535be-4241-461a-8bbe-e2e9c3df3c5c', 'Philippines', 'Nagpandayan', 'Schmedeman', '783', null, 57, 72);
insert into "address" ("id", "country", "city", "street", "house_number", "flat_number", "index", "zip_code") values ('8860fe9b-3de4-49a0-b3aa-d2abbb6362f2', 'Portugal', 'Vila Verde', 'Fairview', '89', null, 67, 99);
insert into "address" ("id", "country", "city", "street", "house_number", "flat_number", "index", "zip_code") values ('88735e52-9cb8-4f9d-9e4a-b65d7afd4f78', 'China', 'Dicun', 'Manley', '072', null, 41, 78);
insert into "address" ("id", "country", "city", "street", "house_number", "flat_number", "index", "zip_code") values ('e666488b-2f9c-4836-98bf-a63e213518f6', 'China', 'Xiaoxiang', 'Packers', '754', null, 38, null);
insert into "address" ("id", "country", "city", "street", "house_number", "flat_number", "index", "zip_code") values ('fa40b67e-afe2-468c-a4ff-9dd31d653618', 'China', 'Jinniu', 'Alpine', '999', 90, 7, null);
insert into "address" ("id", "country", "city", "street", "house_number", "flat_number", "index", "zip_code") values ('08086ba1-c06c-43a7-a286-c6cbee132481', 'Ukraine', 'Merefa', 'Londonderry', '65', 238, 78, 54);
insert into "address" ("id", "country", "city", "street", "house_number", "flat_number", "index", "zip_code") values ('207e05c5-beb9-4e1c-932d-d24b21d3fc67', 'Philippines', 'Giawang', 'Southridge', '8596', 153, null, 68);
insert into "address" ("id", "country", "city", "street", "house_number", "flat_number", "index", "zip_code") values ('8439b6eb-8046-4d7d-9531-9479ee17c0ca', 'New Zealand', 'Timaru', 'Fieldstone', '1', null, 99, null);
insert into "address" ("id", "country", "city", "street", "house_number", "flat_number", "index", "zip_code") values ('73b8d1e8-064d-4ac4-97ac-8bd7e53a1c86', 'Japan', 'Uozu', 'Pleasure', '150', 590, 25, null);
insert into "address" ("id", "country", "city", "street", "house_number", "flat_number", "index", "zip_code") values ('8d017ce9-4c3c-4360-a89b-ee5aacd040aa', 'China', 'Fendou', 'Del Sol', '56822', null, 23, 1);
insert into "address" ("id", "country", "city", "street", "house_number", "flat_number", "index", "zip_code") values ('379e9279-2406-4ef4-9027-b1dcdba288f0', 'Slovenia', 'Kostel', 'Express', '5', 836, 45, null);
insert into "address" ("id", "country", "city", "street", "house_number", "flat_number", "index", "zip_code") values ('ada7f707-2e91-46c6-b141-d9ead9ea64b3', 'China', 'Nyinqug', 'Sommers', '3233', null, 9, 7);
insert into "address" ("id", "country", "city", "street", "house_number", "flat_number", "index", "zip_code") values ('e5ba1d69-4772-4dac-833d-62249d5c1c28', 'China', 'Hougaoshizhuang', 'Lillian', '3', 742, 76, 48);
insert into "address" ("id", "country", "city", "street", "house_number", "flat_number", "index", "zip_code") values ('a74eb7d2-6d07-40a2-9741-3aa3e61276f6', 'Morocco', 'Tanalt', 'Springs', '16465', null, 26, null);

-- ADDRESS END

-- SCHOOL

insert into "school" ("id", "name", "address_id") values ('386852c4-2c2e-4097-ba86-4f24f03726c7', 'Heathcote-Lind', '536d59c0-44a4-4576-94a3-4e06e5d93c13');
insert into "school" ("id", "name", "address_id") values ('9e557ce0-57f5-4418-84c7-30875b55d6bd', 'Farrell-Strosin', '60583926-a342-4d19-948a-7ac899a83421');
insert into "school" ("id", "name", "address_id") values ('0836cffb-2846-4ade-a032-b799e1cfa34d', 'Sporer-Thompson', '0ec1794d-bc82-4151-b0f5-0f85b7e32a8b');
insert into "school" ("id", "name", "address_id") values ('35cb6bb4-04e1-42c0-ab9c-fe70d3ac8522', 'Pacocha-Kirlin', '4fbf1c26-d6fa-4055-aed9-54f77a5ca419');
insert into "school" ("id", "name", "address_id") values ('ebc73228-b241-4262-b865-11c9b507184f', 'Hayes Inc', 'c02c3d52-3bd1-4626-b867-ade091614071');
insert into "school" ("id", "name", "address_id") values ('d1fd9ae9-41bd-46b6-bb8b-bdcac6c52092', 'Kuvalis, Friesen and Veum', '65762a9d-6ab5-4b5b-b688-2589cfa753fc');
insert into "school" ("id", "name", "address_id") values ('40e4ab4c-a90b-4f8d-8366-24337d15b69d', 'Crona, Connelly and Hand', '7a2535be-4241-461a-8bbe-e2e9c3df3c5c');
insert into "school" ("id", "name", "address_id") values ('b9756995-a82e-4046-88a6-6f1676c32c47', 'Kunde Group', '8860fe9b-3de4-49a0-b3aa-d2abbb6362f2');
insert into "school" ("id", "name", "address_id") values ('f8d41962-e36c-40b7-8852-86af2afce85f', 'Torp-Willms', '88735e52-9cb8-4f9d-9e4a-b65d7afd4f78');
insert into "school" ("id", "name", "address_id") values ('d1089f3a-ef6a-4c5f-90fa-8190a855e36b', 'Welch, Connelly and Dicki', 'e666488b-2f9c-4836-98bf-a63e213518f6');
insert into "school" ("id", "name", "address_id") values ('d88d486d-9f1e-48a1-93e0-217547d2ca67', 'Hermann-Jast', 'fa40b67e-afe2-468c-a4ff-9dd31d653618');
-- SCHOOL END

-- AUTHOR

insert into "author" ("id", "first_name", "last_name") values ('4383bcdb-5360-4bcb-9c78-d3d1452aadb4', 'Emmy', 'Hessentaler');
insert into "author" ("id", "first_name", "last_name") values ('64db93d2-52d7-4509-b0bd-c4692db46053', 'Wallis', 'Liverock');
insert into "author" ("id", "first_name", "last_name") values ('476922ea-08e8-4601-bbf7-50bc08c95ef0', 'Kittie', 'Sandison');
insert into "author" ("id", "first_name", "last_name") values ('c6f9cae2-c187-4f10-b1f5-c75fde1d066b', 'Ola', 'Fryett');
insert into "author" ("id", "first_name", "last_name") values ('03e88852-7fbf-4b0e-98cf-786e85824ab4', 'Annis', 'Beeck');
insert into "author" ("id", "first_name", "last_name") values ('7f59d002-d700-416e-a121-d918ddf48090', 'Tully', 'Vickerman');
insert into "author" ("id", "first_name", "last_name") values ('fc357bce-25f5-4b21-b4de-64715a6fda1b', 'Fania', 'Mollen');
insert into "author" ("id", "first_name", "last_name") values ('d28e1dcd-b5de-4531-a45e-80d63425970e', 'Flore', 'Feaks');
insert into "author" ("id", "first_name", "last_name") values ('9d0a4675-9d41-489b-a88d-3d2043dc4aac', 'Temp', 'Ditchfield');
insert into "author" ("id", "first_name", "last_name") values ('c0e4b907-4345-4b6d-aad8-2b3b4e70529b', 'Doralin', 'O'' Byrne');
insert into "author" ("id", "first_name", "last_name") values ('22830915-05c9-4335-ac91-03579434d2e0', 'Tomasina', 'Bentzen');
insert into "author" ("id", "first_name", "last_name") values ('e427dea1-2069-48e6-82f4-c40b164987eb', 'Codie', 'Setterfield');
insert into "author" ("id", "first_name", "last_name") values ('3a893132-251b-4488-a23d-b25d76e2258f', 'Freida', 'Sargant');
insert into "author" ("id", "first_name", "last_name") values ('6699998e-5bcf-4a5c-9cb7-ebd62b43b54c', 'Thibaut', 'Garrud');
insert into "author" ("id", "first_name", "last_name") values ('eb8f8df1-992f-41f0-9283-842887ce420d', 'Bord', 'Kilian');
insert into "author" ("id", "first_name", "last_name") values ('a9d64909-2745-41e2-915f-c70df66932a7', 'Meridith', 'Upchurch');
insert into "author" ("id", "first_name", "last_name") values ('c3f0435a-d834-4c20-92c9-9cceb38d86a3', 'Nevsa', 'Maiklem');
insert into "author" ("id", "first_name", "last_name") values ('7985d128-6d0f-4898-a854-5b5d37ff5919', 'Sasha', 'Scarf');
insert into "author" ("id", "first_name", "last_name") values ('2cdde854-b33f-4532-9773-7b33daf6f58c', 'Seana', 'Poultney');
insert into "author" ("id", "first_name", "last_name") values ('b7185d26-0a16-4ce6-9105-11dbad0473fc', 'Gerda', 'Ellor');

-- AUTHOR END

-- BOOK

insert into "book" ("id", "name", "published_at", "author_id") values ('78351623-63b0-4cbe-84de-b8638cab8c13', 'Chronicle of the Years of Fire (Chronique des années de braise)', 1993, '4383bcdb-5360-4bcb-9c78-d3d1452aadb4');
insert into "book" ("id", "name", "published_at", "author_id") values ('1c732db7-de81-476e-82e7-4ac87dc91d89', 'Rat Pfink a Boo Boo', 1999, '64db93d2-52d7-4509-b0bd-c4692db46053');
insert into "book" ("id", "name", "published_at", "author_id") values ('ad103f84-4276-4bf1-b27d-a7e3e6a1ea62', 'Backbeat', 2002, '476922ea-08e8-4601-bbf7-50bc08c95ef0');
insert into "book" ("id", "name", "published_at", "author_id") values ('867e8e15-1222-4ff2-913b-5423edff9b0d', 'Hugo Pool', 2002, 'c6f9cae2-c187-4f10-b1f5-c75fde1d066b');
insert into "book" ("id", "name", "published_at", "author_id") values ('20f88e02-d0a5-4d13-83b4-17a92f8d4756', 'Lot Like Love, A', 1973, '03e88852-7fbf-4b0e-98cf-786e85824ab4');
insert into "book" ("id", "name", "published_at", "author_id") values ('e365fe79-70dc-4bb3-8646-1ccd007440a7', 'That''s Black Entertainment', 1992, '7f59d002-d700-416e-a121-d918ddf48090');
insert into "book" ("id", "name", "published_at", "author_id") values ('ba10cf38-757b-48c4-a506-14320b5273d3', 'Thieves'' Highway', 1997, 'fc357bce-25f5-4b21-b4de-64715a6fda1b');
insert into "book" ("id", "name", "published_at", "author_id") values ('31498a0c-08f8-4345-a237-a25d2aaf3e7e', 'All Things Fair (Lust och fägring stor)', 1992, 'd28e1dcd-b5de-4531-a45e-80d63425970e');
insert into "book" ("id", "name", "published_at", "author_id") values ('8e3a5e26-9125-4447-84a0-143c29cec712', 'Busting', 1998, '9d0a4675-9d41-489b-a88d-3d2043dc4aac');
insert into "book" ("id", "name", "published_at", "author_id") values ('25a7ab98-9994-421a-8e82-558ef5f1deda', 'Gasland Part II', 1989, 'c0e4b907-4345-4b6d-aad8-2b3b4e70529b');
insert into "book" ("id", "name", "published_at", "author_id") values ('96a0072c-6e05-4dbf-ade1-789042042637', 'Tol''able David', 2000, '22830915-05c9-4335-ac91-03579434d2e0');
insert into "book" ("id", "name", "published_at", "author_id") values ('228c446a-01ca-4462-bcc5-0f41d9fa7aa9', 'Look Who''s Talking Too', 2006, 'e427dea1-2069-48e6-82f4-c40b164987eb');
insert into "book" ("id", "name", "published_at", "author_id") values ('fd5596ef-d765-4c96-8348-f2a2b589513a', 'My Mother (Ma mère)', 2004, '3a893132-251b-4488-a23d-b25d76e2258f');
insert into "book" ("id", "name", "published_at", "author_id") values ('918b30f9-9562-4191-b004-80950cd3ba61', 'Story Written with Water, A (Mizu de kakareta monogatari)', 2008, '6699998e-5bcf-4a5c-9cb7-ebd62b43b54c');
insert into "book" ("id", "name", "published_at", "author_id") values ('f3a82432-7e7f-4932-9b81-332d8c333749', 'Village, The', 2004, 'eb8f8df1-992f-41f0-9283-842887ce420d');
insert into "book" ("id", "name", "published_at", "author_id") values ('a73a6aed-8c10-4ffd-b35c-5095eb177901', 'Miracle Woman, The', 1999, 'a9d64909-2745-41e2-915f-c70df66932a7');
insert into "book" ("id", "name", "published_at", "author_id") values ('7c5a9092-8701-4509-bdb4-456940058115', 'Way of the Dragon, The (a.k.a. Return of the Dragon) (Meng long guo jiang)', 1968, 'c3f0435a-d834-4c20-92c9-9cceb38d86a3');
insert into "book" ("id", "name", "published_at", "author_id") values ('c6800f9e-3077-4355-b91c-c12333b9ebf6', 'Breaking the Girls ', 2001, '7985d128-6d0f-4898-a854-5b5d37ff5919');
insert into "book" ("id", "name", "published_at", "author_id") values ('29ffbc5e-7275-40e3-b227-ec2fcf7bd072', 'Revolution', 2006, '2cdde854-b33f-4532-9773-7b33daf6f58c');
insert into "book" ("id", "name", "published_at", "author_id") values ('ba14c948-cc86-43d5-b319-c4339cd5db62', 'Misérables, Les', 1995, 'b7185d26-0a16-4ce6-9105-11dbad0473fc');

-- BOOK END

-- CLASSROOM

insert into "classroom" ("id", "name", "number", "school_id") values ('408096c0-a630-495b-bdf0-5d0a35e0767e', 'Turner-White', 123, '386852c4-2c2e-4097-ba86-4f24f03726c7');
insert into "classroom" ("id", "name", "number", "school_id") values ('147fb12c-2b6a-49f8-a02f-f9e740b8d7b6', 'Fritsch LLC', 382, '9e557ce0-57f5-4418-84c7-30875b55d6bd');
insert into "classroom" ("id", "name", "number", "school_id") values ('6603fe62-2cf6-444c-8db3-e19ccbdf761c', 'McLaughlin and Sons', 946, '0836cffb-2846-4ade-a032-b799e1cfa34d');
insert into "classroom" ("id", "name", "number", "school_id") values ('be52b4ef-b38c-48e1-8b8f-5d33cc811489', 'Hills-Torphy', 383, '35cb6bb4-04e1-42c0-ab9c-fe70d3ac8522');
insert into "classroom" ("id", "name", "number", "school_id") values ('7c1420a0-e3bd-4e63-b6c1-ac77ad71bafb', 'Boyle, Kemmer and Schamberger', 195, 'ebc73228-b241-4262-b865-11c9b507184f');
insert into "classroom" ("id", "name", "number", "school_id") values ('4f6a9791-1078-438e-bf3c-a5cb62770840', 'Hodkiewicz, Dickens and Stehr', 722, 'd1fd9ae9-41bd-46b6-bb8b-bdcac6c52092');
insert into "classroom" ("id", "name", "number", "school_id") values ('4b194044-db63-41ef-b816-67915019ccc9', 'Rath Group', 64, '40e4ab4c-a90b-4f8d-8366-24337d15b69d');
insert into "classroom" ("id", "name", "number", "school_id") values ('00075d47-e411-450b-9c40-7f77864a0d60', 'Bahringer, Hansen and Ledner', 246, 'b9756995-a82e-4046-88a6-6f1676c32c47');
insert into "classroom" ("id", "name", "number", "school_id") values ('c5bd49fa-bea9-40f8-863d-c90be8d75c37', 'Zboncak Inc', 786, 'f8d41962-e36c-40b7-8852-86af2afce85f');
insert into "classroom" ("id", "name", "number", "school_id") values ('4eaeceab-6676-4600-8996-4a20fe586412', 'Schamberger, Denesik and Emard', 83, 'd1089f3a-ef6a-4c5f-90fa-8190a855e36b');
insert into "classroom" ("id", "name", "number", "school_id") values ('90961900-f9ba-46f5-b42f-57a27ae2bd28', 'Swift-Osinski', 924, '386852c4-2c2e-4097-ba86-4f24f03726c7');
insert into "classroom" ("id", "name", "number", "school_id") values ('cdeb8c99-7a79-433b-9475-3339652f7850', 'Kunze-Braun', 860, '9e557ce0-57f5-4418-84c7-30875b55d6bd');
insert into "classroom" ("id", "name", "number", "school_id") values ('7eaf15e0-090d-4b7c-b590-c11e8fc7fb08', 'Cruickshank, Halvorson and Morar', 777, '0836cffb-2846-4ade-a032-b799e1cfa34d');
insert into "classroom" ("id", "name", "number", "school_id") values ('079c698f-408c-4359-a8b0-32e3d03b914b', 'Bode-Collier', 124, '35cb6bb4-04e1-42c0-ab9c-fe70d3ac8522');
insert into "classroom" ("id", "name", "number", "school_id") values ('717648a6-a9b0-4d18-8ae3-7b217ed4dd62', 'Hintz-Morissette', 40, 'ebc73228-b241-4262-b865-11c9b507184f');
insert into "classroom" ("id", "name", "number", "school_id") values ('47994497-66b5-4aa5-9f9e-c630099205cd', 'Conn LLC', 936, 'd1fd9ae9-41bd-46b6-bb8b-bdcac6c52092');
insert into "classroom" ("id", "name", "number", "school_id") values ('6055683d-d135-4689-8c24-a23675f7eff6', 'Russel-Rau', 335, '40e4ab4c-a90b-4f8d-8366-24337d15b69d');
insert into "classroom" ("id", "name", "number", "school_id") values ('eeede664-a849-499c-9d94-2ed0fcf061fb', 'Streich-Berge', 178, 'b9756995-a82e-4046-88a6-6f1676c32c47');
insert into "classroom" ("id", "name", "number", "school_id") values ('d8d4be5a-c19a-4a32-addb-e1797ff7f00e', 'Steuber-Lowe', 713, 'f8d41962-e36c-40b7-8852-86af2afce85f');
insert into "classroom" ("id", "name", "number", "school_id") values ('632caf99-616d-4c6c-a635-e3c56c0d45ee', 'Dietrich-Murphy', 187, 'd1089f3a-ef6a-4c5f-90fa-8190a855e36b');

-- CLASSROOM END

-- CLASS

insert into "class" ("id", "name", "school_id", "classroom_id") values ('96a42758-13b9-42fc-a307-f4e4a1b90a93', 'Renner LLC', '386852c4-2c2e-4097-ba86-4f24f03726c7', '408096c0-a630-495b-bdf0-5d0a35e0767e');
insert into "class" ("id", "name", "school_id", "classroom_id") values ('b643bfc9-a0f3-405b-ad67-3c9045d65f2a', 'Zboncak-Schiller', '9e557ce0-57f5-4418-84c7-30875b55d6bd', 'cdeb8c99-7a79-433b-9475-3339652f7850');
insert into "class" ("id", "name", "school_id", "classroom_id") values ('dd55cba1-f847-4f12-af57-a440f1d65b07', 'Beier-Collins', '0836cffb-2846-4ade-a032-b799e1cfa34d', '7eaf15e0-090d-4b7c-b590-c11e8fc7fb08');
insert into "class" ("id", "name", "school_id", "classroom_id") values ('67efdb78-7331-403e-9dde-e8e38137d389', 'Kulas and Sons', '35cb6bb4-04e1-42c0-ab9c-fe70d3ac8522', 'be52b4ef-b38c-48e1-8b8f-5d33cc811489');
insert into "class" ("id", "name", "school_id", "classroom_id") values ('e2333865-3c94-44b4-b836-7fe3d75af139', 'Sporer LLC', 'ebc73228-b241-4262-b865-11c9b507184f', '717648a6-a9b0-4d18-8ae3-7b217ed4dd62');
insert into "class" ("id", "name", "school_id", "classroom_id") values ('56a5bf5b-d646-415d-8b72-27f3352a3ae7', 'Hickle LLC', 'd1fd9ae9-41bd-46b6-bb8b-bdcac6c52092', '4f6a9791-1078-438e-bf3c-a5cb62770840');
insert into "class" ("id", "name", "school_id", "classroom_id") values ('96ded43e-98c4-46eb-a08f-8862408a874e', 'Koelpin-Rogahn', '40e4ab4c-a90b-4f8d-8366-24337d15b69d', '6055683d-d135-4689-8c24-a23675f7eff6');
insert into "class" ("id", "name", "school_id", "classroom_id") values ('98fd3383-465f-4136-8893-be172c70119d', 'Stroman, Ryan and Greenholt', 'b9756995-a82e-4046-88a6-6f1676c32c47', '00075d47-e411-450b-9c40-7f77864a0d60');
insert into "class" ("id", "name", "school_id", "classroom_id") values ('c18f1299-aa6f-4f0e-b3a7-00727a86d94a', 'Stamm, Brown and Waelchi', 'f8d41962-e36c-40b7-8852-86af2afce85f', 'c5bd49fa-bea9-40f8-863d-c90be8d75c37');
insert into "class" ("id", "name", "school_id", "classroom_id") values ('c3b651bd-4ac6-4b2a-a914-e170dc960dfc', 'Fadel and Sons', 'd1089f3a-ef6a-4c5f-90fa-8190a855e36b', '632caf99-616d-4c6c-a635-e3c56c0d45ee');
insert into "class" ("id", "name", "school_id", "classroom_id") values ('c264b6f9-c989-45ba-b16d-430ff7830e1b', 'Rohan, Gibson and Borer', '386852c4-2c2e-4097-ba86-4f24f03726c7', null);
insert into "class" ("id", "name", "school_id", "classroom_id") values ('ba3956e8-fdaa-461e-b230-7f24d7d7e147', 'Ryan-Casper', '9e557ce0-57f5-4418-84c7-30875b55d6bd', null);
insert into "class" ("id", "name", "school_id", "classroom_id") values ('1e575b36-ee6d-4057-9dc5-429b1027d07e', 'Roberts, Rowe and Hyatt', '0836cffb-2846-4ade-a032-b799e1cfa34d', null);
insert into "class" ("id", "name", "school_id", "classroom_id") values ('e3ccd79c-3ba5-4546-80d7-416f49885daa', 'Cormier Group', '35cb6bb4-04e1-42c0-ab9c-fe70d3ac8522', null);
insert into "class" ("id", "name", "school_id", "classroom_id") values ('4849a850-8f61-4c77-8047-35275f6dddc7', 'Schaden, Schinner and Bauch', 'ebc73228-b241-4262-b865-11c9b507184f', null);
insert into "class" ("id", "name", "school_id", "classroom_id") values ('f4ab0bbb-c077-4827-bc28-c24a258276d0', 'Smitham, Durgan and Cremin', 'd1fd9ae9-41bd-46b6-bb8b-bdcac6c52092', null);
insert into "class" ("id", "name", "school_id", "classroom_id") values ('73a34bdc-98c9-4f8f-9955-d3764c1335a6', 'Gerlach-Wuckert', '40e4ab4c-a90b-4f8d-8366-24337d15b69d', null);
insert into "class" ("id", "name", "school_id", "classroom_id") values ('9261119d-0160-4a05-93e4-4483c8c93387', 'Hyatt, Franecki and Beer', 'b9756995-a82e-4046-88a6-6f1676c32c47', null);
insert into "class" ("id", "name", "school_id", "classroom_id") values ('74330f34-d740-4fa9-b9af-f47c56b873db', 'Kub Group', 'f8d41962-e36c-40b7-8852-86af2afce85f', null);
insert into "class" ("id", "name", "school_id", "classroom_id") values ('ca031c1c-d39e-4d8e-8d8e-952d7e9b57c3', 'Price Group', 'd1089f3a-ef6a-4c5f-90fa-8190a855e36b', null);

-- CLASS END
