-- ADDRESS

insert into "address" ("id", "country", "city", "street", "house_number", "flat_number", "index", "zip_code") values ('536d59c0-44a4-4576-94a3-4e06e5d93c13', 'China', 'Erdao', 'Valley Edge', '40691', null, 71, null);
insert into "address" ("id", "country", "city", "street", "house_number", "flat_number", "index", "zip_code") values ('60583926-a342-4d19-948a-7ac899a83421', 'Indonesia', 'Jamban', 'Muir', '9', null, null, null);
insert into "address" ("id", "country", "city", "street", "house_number", "flat_number", "index", "zip_code") values ('0ec1794d-bc82-4151-b0f5-0f85b7e32a8b', 'Germany', 'Augsburg', 'Trailsway', '004', 125, 81, null);
insert into "address" ("id", "country", "city", "street", "house_number", "flat_number", "index", "zip_code") values ('4fbf1c26-d6fa-4055-aed9-54f77a5ca419', 'China', 'Songshan', 'Kensington', '332', null, 50, null);
insert into "address" ("id", "country", "city", "street", "house_number", "flat_number", "index", "zip_code") values ('c02c3d52-3bd1-4626-b867-ade091614071', 'Brazil', 'Matriz de Camaragibe', 'Dwight', '3001', 307, 49, null);
insert into "address" ("id", "country", "city", "street", "house_number", "flat_number", "index", "zip_code") values ('65762a9d-6ab5-4b5b-b688-2589cfa753fc', 'Philippines', 'Luna', 'Stephen', '0', null, 37, null);
insert into "address" ("id", "country", "city", "street", "house_number", "flat_number", "index", "zip_code") values ('7a2535be-4241-461a-8bbe-e2e9c3df3c5c', 'Philippines', 'Nagpandayan', 'Schmedeman', '783', null, 57, 72);
insert into "address" ("id", "country", "city", "street", "house_number", "flat_number", "index", "zip_code") values ('8860fe9b-3de4-49a0-b3aa-d2abbb6362f2', 'Portugal', 'Vila Verde', 'Fairview', '89', null, 67, 99);
insert into "address" ("id", "country", "city", "street", "house_number", "flat_number", "index", "zip_code") values ('88735e52-9cb8-4f9d-9e4a-b65d7afd4f78', 'China', 'Dicun', 'Manley', '072', null, 41, 78);
insert into "address" ("id", "country", "city", "street", "house_number", "flat_number", "index", "zip_code") values ('e666488b-2f9c-4836-98bf-a63e213518f6', 'China', 'Xiaoxiang', 'Packers', '754', null, 38, null);
insert into "address" ("id", "country", "city", "street", "house_number", "flat_number", "index", "zip_code") values ('fa40b67e-afe2-468c-a4ff-9dd31d653618', 'China', 'Jinniu', 'Alpine', '999', 90, 7, null);
insert into "address" ("id", "country", "city", "street", "house_number", "flat_number", "index", "zip_code") values ('08086ba1-c06c-43a7-a286-c6cbee132481', 'Ukraine', 'Merefa', 'Londonderry', '65', 238, 78, 54);
insert into "address" ("id", "country", "city", "street", "house_number", "flat_number", "index", "zip_code") values ('207e05c5-beb9-4e1c-932d-d24b21d3fc67', 'Philippines', 'Giawang', 'Southridge', '8596', 153, null, 68);
insert into "address" ("id", "country", "city", "street", "house_number", "flat_number", "index", "zip_code") values ('8439b6eb-8046-4d7d-9531-9479ee17c0ca', 'New Zealand', 'Timaru', 'Fieldstone', '1', null, 99, null);
insert into "address" ("id", "country", "city", "street", "house_number", "flat_number", "index", "zip_code") values ('73b8d1e8-064d-4ac4-97ac-8bd7e53a1c86', 'Japan', 'Uozu', 'Pleasure', '150', 590, 25, null);
insert into "address" ("id", "country", "city", "street", "house_number", "flat_number", "index", "zip_code") values ('8d017ce9-4c3c-4360-a89b-ee5aacd040aa', 'China', 'Fendou', 'Del Sol', '56822', null, 23, 1);
insert into "address" ("id", "country", "city", "street", "house_number", "flat_number", "index", "zip_code") values ('379e9279-2406-4ef4-9027-b1dcdba288f0', 'Slovenia', 'Kostel', 'Express', '5', 836, 45, null);
insert into "address" ("id", "country", "city", "street", "house_number", "flat_number", "index", "zip_code") values ('ada7f707-2e91-46c6-b141-d9ead9ea64b3', 'China', 'Nyinqug', 'Sommers', '3233', null, 9, 7);
insert into "address" ("id", "country", "city", "street", "house_number", "flat_number", "index", "zip_code") values ('e5ba1d69-4772-4dac-833d-62249d5c1c28', 'China', 'Hougaoshizhuang', 'Lillian', '3', 742, 76, 48);
insert into "address" ("id", "country", "city", "street", "house_number", "flat_number", "index", "zip_code") values ('a74eb7d2-6d07-40a2-9741-3aa3e61276f6', 'Morocco', 'Tanalt', 'Springs', '16465', null, 26, null);

-- ADDRESS END

-- SCHOOL

insert into "school" ("id", "name", "address_id") values ('386852c4-2c2e-4097-ba86-4f24f03726c7', 'Heathcote-Lind', '536d59c0-44a4-4576-94a3-4e06e5d93c13');
insert into "school" ("id", "name", "address_id") values ('9e557ce0-57f5-4418-84c7-30875b55d6bd', 'Farrell-Strosin', '60583926-a342-4d19-948a-7ac899a83421');
insert into "school" ("id", "name", "address_id") values ('0836cffb-2846-4ade-a032-b799e1cfa34d', 'Sporer-Thompson', '0ec1794d-bc82-4151-b0f5-0f85b7e32a8b');
insert into "school" ("id", "name", "address_id") values ('35cb6bb4-04e1-42c0-ab9c-fe70d3ac8522', 'Pacocha-Kirlin', '4fbf1c26-d6fa-4055-aed9-54f77a5ca419');
insert into "school" ("id", "name", "address_id") values ('ebc73228-b241-4262-b865-11c9b507184f', 'Hayes Inc', 'c02c3d52-3bd1-4626-b867-ade091614071');
insert into "school" ("id", "name", "address_id") values ('d1fd9ae9-41bd-46b6-bb8b-bdcac6c52092', 'Kuvalis, Friesen and Veum', '65762a9d-6ab5-4b5b-b688-2589cfa753fc');
insert into "school" ("id", "name", "address_id") values ('40e4ab4c-a90b-4f8d-8366-24337d15b69d', 'Crona, Connelly and Hand', '7a2535be-4241-461a-8bbe-e2e9c3df3c5c');
insert into "school" ("id", "name", "address_id") values ('b9756995-a82e-4046-88a6-6f1676c32c47', 'Kunde Group', '8860fe9b-3de4-49a0-b3aa-d2abbb6362f2');
insert into "school" ("id", "name", "address_id") values ('f8d41962-e36c-40b7-8852-86af2afce85f', 'Torp-Willms', '88735e52-9cb8-4f9d-9e4a-b65d7afd4f78');
insert into "school" ("id", "name", "address_id") values ('d1089f3a-ef6a-4c5f-90fa-8190a855e36b', 'Welch, Connelly and Dicki', 'e666488b-2f9c-4836-98bf-a63e213518f6');
insert into "school" ("id", "name", "address_id") values ('d88d486d-9f1e-48a1-93e0-217547d2ca67', 'Hermann-Jast', 'fa40b67e-afe2-468c-a4ff-9dd31d653618');
-- SCHOOL END

-- AUTHOR

insert into "author" ("id", "first_name", "last_name") values ('4383bcdb-5360-4bcb-9c78-d3d1452aadb4', 'Emmy', 'Hessentaler');
insert into "author" ("id", "first_name", "last_name") values ('64db93d2-52d7-4509-b0bd-c4692db46053', 'Wallis', 'Liverock');
insert into "author" ("id", "first_name", "last_name") values ('476922ea-08e8-4601-bbf7-50bc08c95ef0', 'Kittie', 'Sandison');
insert into "author" ("id", "first_name", "last_name") values ('c6f9cae2-c187-4f10-b1f5-c75fde1d066b', 'Ola', 'Fryett');
insert into "author" ("id", "first_name", "last_name") values ('03e88852-7fbf-4b0e-98cf-786e85824ab4', 'Annis', 'Beeck');
insert into "author" ("id", "first_name", "last_name") values ('7f59d002-d700-416e-a121-d918ddf48090', 'Tully', 'Vickerman');
insert into "author" ("id", "first_name", "last_name") values ('fc357bce-25f5-4b21-b4de-64715a6fda1b', 'Fania', 'Mollen');
insert into "author" ("id", "first_name", "last_name") values ('d28e1dcd-b5de-4531-a45e-80d63425970e', 'Flore', 'Feaks');
insert into "author" ("id", "first_name", "last_name") values ('9d0a4675-9d41-489b-a88d-3d2043dc4aac', 'Temp', 'Ditchfield');
insert into "author" ("id", "first_name", "last_name") values ('c0e4b907-4345-4b6d-aad8-2b3b4e70529b', 'Doralin', 'O'' Byrne');
insert into "author" ("id", "first_name", "last_name") values ('22830915-05c9-4335-ac91-03579434d2e0', 'Tomasina', 'Bentzen');
insert into "author" ("id", "first_name", "last_name") values ('e427dea1-2069-48e6-82f4-c40b164987eb', 'Codie', 'Setterfield');
insert into "author" ("id", "first_name", "last_name") values ('3a893132-251b-4488-a23d-b25d76e2258f', 'Freida', 'Sargant');
insert into "author" ("id", "first_name", "last_name") values ('6699998e-5bcf-4a5c-9cb7-ebd62b43b54c', 'Thibaut', 'Garrud');
insert into "author" ("id", "first_name", "last_name") values ('eb8f8df1-992f-41f0-9283-842887ce420d', 'Bord', 'Kilian');
insert into "author" ("id", "first_name", "last_name") values ('a9d64909-2745-41e2-915f-c70df66932a7', 'Meridith', 'Upchurch');
insert into "author" ("id", "first_name", "last_name") values ('c3f0435a-d834-4c20-92c9-9cceb38d86a3', 'Nevsa', 'Maiklem');
insert into "author" ("id", "first_name", "last_name") values ('7985d128-6d0f-4898-a854-5b5d37ff5919', 'Sasha', 'Scarf');
insert into "author" ("id", "first_name", "last_name") values ('2cdde854-b33f-4532-9773-7b33daf6f58c', 'Seana', 'Poultney');
insert into "author" ("id", "first_name", "last_name") values ('b7185d26-0a16-4ce6-9105-11dbad0473fc', 'Gerda', 'Ellor');

-- AUTHOR END

-- BOOK

insert into "book" ("id", "name", "published_at", "author_id") values ('78351623-63b0-4cbe-84de-b8638cab8c13', 'Chronicle of the Years of Fire (Chronique des années de braise)', 1993, '4383bcdb-5360-4bcb-9c78-d3d1452aadb4');
insert into "book" ("id", "name", "published_at", "author_id") values ('1c732db7-de81-476e-82e7-4ac87dc91d89', 'Rat Pfink a Boo Boo', 1999, '64db93d2-52d7-4509-b0bd-c4692db46053');
insert into "book" ("id", "name", "published_at", "author_id") values ('ad103f84-4276-4bf1-b27d-a7e3e6a1ea62', 'Backbeat', 2002, '476922ea-08e8-4601-bbf7-50bc08c95ef0');
insert into "book" ("id", "name", "published_at", "author_id") values ('867e8e15-1222-4ff2-913b-5423edff9b0d', 'Hugo Pool', 2002, 'c6f9cae2-c187-4f10-b1f5-c75fde1d066b');
insert into "book" ("id", "name", "published_at", "author_id") values ('20f88e02-d0a5-4d13-83b4-17a92f8d4756', 'Lot Like Love, A', 1973, '03e88852-7fbf-4b0e-98cf-786e85824ab4');
insert into "book" ("id", "name", "published_at", "author_id") values ('e365fe79-70dc-4bb3-8646-1ccd007440a7', 'That''s Black Entertainment', 1992, '7f59d002-d700-416e-a121-d918ddf48090');
insert into "book" ("id", "name", "published_at", "author_id") values ('ba10cf38-757b-48c4-a506-14320b5273d3', 'Thieves'' Highway', 1997, 'fc357bce-25f5-4b21-b4de-64715a6fda1b');
insert into "book" ("id", "name", "published_at", "author_id") values ('31498a0c-08f8-4345-a237-a25d2aaf3e7e', 'All Things Fair (Lust och fägring stor)', 1992, 'd28e1dcd-b5de-4531-a45e-80d63425970e');
insert into "book" ("id", "name", "published_at", "author_id") values ('8e3a5e26-9125-4447-84a0-143c29cec712', 'Busting', 1998, '9d0a4675-9d41-489b-a88d-3d2043dc4aac');
insert into "book" ("id", "name", "published_at", "author_id") values ('25a7ab98-9994-421a-8e82-558ef5f1deda', 'Gasland Part II', 1989, 'c0e4b907-4345-4b6d-aad8-2b3b4e70529b');
insert into "book" ("id", "name", "published_at", "author_id") values ('96a0072c-6e05-4dbf-ade1-789042042637', 'Tol''able David', 2000, '22830915-05c9-4335-ac91-03579434d2e0');
insert into "book" ("id", "name", "published_at", "author_id") values ('228c446a-01ca-4462-bcc5-0f41d9fa7aa9', 'Look Who''s Talking Too', 2006, 'e427dea1-2069-48e6-82f4-c40b164987eb');
insert into "book" ("id", "name", "published_at", "author_id") values ('fd5596ef-d765-4c96-8348-f2a2b589513a', 'My Mother (Ma mère)', 2004, '3a893132-251b-4488-a23d-b25d76e2258f');
insert into "book" ("id", "name", "published_at", "author_id") values ('918b30f9-9562-4191-b004-80950cd3ba61', 'Story Written with Water, A (Mizu de kakareta monogatari)', 2008, '6699998e-5bcf-4a5c-9cb7-ebd62b43b54c');
insert into "book" ("id", "name", "published_at", "author_id") values ('f3a82432-7e7f-4932-9b81-332d8c333749', 'Village, The', 2004, 'eb8f8df1-992f-41f0-9283-842887ce420d');
insert into "book" ("id", "name", "published_at", "author_id") values ('a73a6aed-8c10-4ffd-b35c-5095eb177901', 'Miracle Woman, The', 1999, 'a9d64909-2745-41e2-915f-c70df66932a7');
insert into "book" ("id", "name", "published_at", "author_id") values ('7c5a9092-8701-4509-bdb4-456940058115', 'Way of the Dragon, The (a.k.a. Return of the Dragon) (Meng long guo jiang)', 1968, 'c3f0435a-d834-4c20-92c9-9cceb38d86a3');
insert into "book" ("id", "name", "published_at", "author_id") values ('c6800f9e-3077-4355-b91c-c12333b9ebf6', 'Breaking the Girls ', 2001, '7985d128-6d0f-4898-a854-5b5d37ff5919');
insert into "book" ("id", "name", "published_at", "author_id") values ('29ffbc5e-7275-40e3-b227-ec2fcf7bd072', 'Revolution', 2006, '2cdde854-b33f-4532-9773-7b33daf6f58c');
insert into "book" ("id", "name", "published_at", "author_id") values ('ba14c948-cc86-43d5-b319-c4339cd5db62', 'Misérables, Les', 1995, 'b7185d26-0a16-4ce6-9105-11dbad0473fc');

-- BOOK END

-- SUBJECT

insert into "subject" ("id", "credits", "name") values ('fb257f25-03e4-4339-be7c-bd1df01a4a86', 97.6, 'Mort');
insert into "subject" ("id", "credits", "name") values ('6ca986ba-ba22-448b-8273-449091cdb5f0', 97.0, 'Tiena');
insert into "subject" ("id", "credits", "name") values ('f31dce9e-36f8-4184-b692-dfad03c83816', 93.3, 'Merline');
insert into "subject" ("id", "credits", "name") values ('5144a134-4d66-4081-951b-fa00f498e490', 83.9, 'Adele');
insert into "subject" ("id", "credits", "name") values ('c80d4996-2bb4-48c5-b88d-b933108ffa02', 30.3, 'Hewe');
insert into "subject" ("id", "credits", "name") values ('80e4c4ff-347c-4714-aecd-61a2b8ae5945', 14.9, 'Wilbur');
insert into "subject" ("id", "credits", "name") values ('a364ba9c-9078-4679-b098-bd151bb86afa', 55.2, 'Sanders');
insert into "subject" ("id", "credits", "name") values ('53f03d14-b63c-49c6-a626-754650f03667', 61.8, 'Rea');
insert into "subject" ("id", "credits", "name") values ('fac2890e-87b4-4e5b-8324-e7bca27465af', 5.2, 'Iseabal');
insert into "subject" ("id", "credits", "name") values ('2dfab516-dc73-490a-9cc0-fad8ca08f367', 51.3, 'Goran');
insert into "subject" ("id", "credits", "name") values ('284adc94-1c89-40d2-8af6-f3c1aae13efd', 61.0, 'Ralph');
insert into "subject" ("id", "credits", "name") values ('815155d5-c901-4a25-ba8d-e2c30b7c8441', 35.8, 'Abey');
insert into "subject" ("id", "credits", "name") values ('63ec8791-e2b3-43b3-bca3-e43193a8d052', 41.5, 'Gal');
insert into "subject" ("id", "credits", "name") values ('a6388b00-af6f-483c-b891-cd6181adad3b', 89.4, 'Geno');
insert into "subject" ("id", "credits", "name") values ('57eea28e-47e2-4113-8193-a3e9f60d16f7', 2.0, 'Cecily');
insert into "subject" ("id", "credits", "name") values ('c4e51a55-22cf-4930-82c8-4a2b3534cd2e', 17.1, 'Johannes');
insert into "subject" ("id", "credits", "name") values ('0b6b0a20-4551-4200-bfec-eb4c713650ec', 40.0, 'Madelon');
insert into "subject" ("id", "credits", "name") values ('7c505172-571a-48b2-b9e9-062665c404d7', 36.2, 'Vivian');
insert into "subject" ("id", "credits", "name") values ('3cfe6079-ab35-4604-9838-89e251d117ce', 23.6, 'Federica');
insert into "subject" ("id", "credits", "name") values ('26d03e5e-31e2-4734-b564-65c26c52f39b', 20.0, 'Lira');

-- SUBJECT END

-- CLASSROOM

insert into "classroom" ("id", "name", "number", "school_id") values ('408096c0-a630-495b-bdf0-5d0a35e0767e', 'Turner-White', 123, '386852c4-2c2e-4097-ba86-4f24f03726c7');
insert into "classroom" ("id", "name", "number", "school_id") values ('147fb12c-2b6a-49f8-a02f-f9e740b8d7b6', 'Fritsch LLC', 382, '9e557ce0-57f5-4418-84c7-30875b55d6bd');
insert into "classroom" ("id", "name", "number", "school_id") values ('6603fe62-2cf6-444c-8db3-e19ccbdf761c', 'McLaughlin and Sons', 946, '0836cffb-2846-4ade-a032-b799e1cfa34d');
insert into "classroom" ("id", "name", "number", "school_id") values ('be52b4ef-b38c-48e1-8b8f-5d33cc811489', 'Hills-Torphy', 383, '35cb6bb4-04e1-42c0-ab9c-fe70d3ac8522');
insert into "classroom" ("id", "name", "number", "school_id") values ('7c1420a0-e3bd-4e63-b6c1-ac77ad71bafb', 'Boyle, Kemmer and Schamberger', 195, 'ebc73228-b241-4262-b865-11c9b507184f');
insert into "classroom" ("id", "name", "number", "school_id") values ('4f6a9791-1078-438e-bf3c-a5cb62770840', 'Hodkiewicz, Dickens and Stehr', 722, 'd1fd9ae9-41bd-46b6-bb8b-bdcac6c52092');
insert into "classroom" ("id", "name", "number", "school_id") values ('4b194044-db63-41ef-b816-67915019ccc9', 'Rath Group', 64, '40e4ab4c-a90b-4f8d-8366-24337d15b69d');
insert into "classroom" ("id", "name", "number", "school_id") values ('00075d47-e411-450b-9c40-7f77864a0d60', 'Bahringer, Hansen and Ledner', 246, 'b9756995-a82e-4046-88a6-6f1676c32c47');
insert into "classroom" ("id", "name", "number", "school_id") values ('c5bd49fa-bea9-40f8-863d-c90be8d75c37', 'Zboncak Inc', 786, 'f8d41962-e36c-40b7-8852-86af2afce85f');
insert into "classroom" ("id", "name", "number", "school_id") values ('4eaeceab-6676-4600-8996-4a20fe586412', 'Schamberger, Denesik and Emard', 83, 'd1089f3a-ef6a-4c5f-90fa-8190a855e36b');
insert into "classroom" ("id", "name", "number", "school_id") values ('90961900-f9ba-46f5-b42f-57a27ae2bd28', 'Swift-Osinski', 924, '386852c4-2c2e-4097-ba86-4f24f03726c7');
insert into "classroom" ("id", "name", "number", "school_id") values ('cdeb8c99-7a79-433b-9475-3339652f7850', 'Kunze-Braun', 860, '9e557ce0-57f5-4418-84c7-30875b55d6bd');
insert into "classroom" ("id", "name", "number", "school_id") values ('7eaf15e0-090d-4b7c-b590-c11e8fc7fb08', 'Cruickshank, Halvorson and Morar', 777, '0836cffb-2846-4ade-a032-b799e1cfa34d');
insert into "classroom" ("id", "name", "number", "school_id") values ('079c698f-408c-4359-a8b0-32e3d03b914b', 'Bode-Collier', 124, '35cb6bb4-04e1-42c0-ab9c-fe70d3ac8522');
insert into "classroom" ("id", "name", "number", "school_id") values ('717648a6-a9b0-4d18-8ae3-7b217ed4dd62', 'Hintz-Morissette', 40, 'ebc73228-b241-4262-b865-11c9b507184f');
insert into "classroom" ("id", "name", "number", "school_id") values ('47994497-66b5-4aa5-9f9e-c630099205cd', 'Conn LLC', 936, 'd1fd9ae9-41bd-46b6-bb8b-bdcac6c52092');
insert into "classroom" ("id", "name", "number", "school_id") values ('6055683d-d135-4689-8c24-a23675f7eff6', 'Russel-Rau', 335, '40e4ab4c-a90b-4f8d-8366-24337d15b69d');
insert into "classroom" ("id", "name", "number", "school_id") values ('eeede664-a849-499c-9d94-2ed0fcf061fb', 'Streich-Berge', 178, 'b9756995-a82e-4046-88a6-6f1676c32c47');
insert into "classroom" ("id", "name", "number", "school_id") values ('d8d4be5a-c19a-4a32-addb-e1797ff7f00e', 'Steuber-Lowe', 713, 'f8d41962-e36c-40b7-8852-86af2afce85f');
insert into "classroom" ("id", "name", "number", "school_id") values ('632caf99-616d-4c6c-a635-e3c56c0d45ee', 'Dietrich-Murphy', 187, 'd1089f3a-ef6a-4c5f-90fa-8190a855e36b');

-- CLASSROOM END

-- CLASS

insert into "class" ("id", "name", "school_id", "classroom_id") values ('96a42758-13b9-42fc-a307-f4e4a1b90a93', 'Renner LLC', '386852c4-2c2e-4097-ba86-4f24f03726c7', '408096c0-a630-495b-bdf0-5d0a35e0767e');
insert into "class" ("id", "name", "school_id", "classroom_id") values ('b643bfc9-a0f3-405b-ad67-3c9045d65f2a', 'Zboncak-Schiller', '9e557ce0-57f5-4418-84c7-30875b55d6bd', 'cdeb8c99-7a79-433b-9475-3339652f7850');
insert into "class" ("id", "name", "school_id", "classroom_id") values ('dd55cba1-f847-4f12-af57-a440f1d65b07', 'Beier-Collins', '0836cffb-2846-4ade-a032-b799e1cfa34d', '7eaf15e0-090d-4b7c-b590-c11e8fc7fb08');
insert into "class" ("id", "name", "school_id", "classroom_id") values ('67efdb78-7331-403e-9dde-e8e38137d389', 'Kulas and Sons', '35cb6bb4-04e1-42c0-ab9c-fe70d3ac8522', 'be52b4ef-b38c-48e1-8b8f-5d33cc811489');
insert into "class" ("id", "name", "school_id", "classroom_id") values ('e2333865-3c94-44b4-b836-7fe3d75af139', 'Sporer LLC', 'ebc73228-b241-4262-b865-11c9b507184f', '717648a6-a9b0-4d18-8ae3-7b217ed4dd62');
insert into "class" ("id", "name", "school_id", "classroom_id") values ('56a5bf5b-d646-415d-8b72-27f3352a3ae7', 'Hickle LLC', 'd1fd9ae9-41bd-46b6-bb8b-bdcac6c52092', '4f6a9791-1078-438e-bf3c-a5cb62770840');
insert into "class" ("id", "name", "school_id", "classroom_id") values ('96ded43e-98c4-46eb-a08f-8862408a874e', 'Koelpin-Rogahn', '40e4ab4c-a90b-4f8d-8366-24337d15b69d', '6055683d-d135-4689-8c24-a23675f7eff6');
insert into "class" ("id", "name", "school_id", "classroom_id") values ('98fd3383-465f-4136-8893-be172c70119d', 'Stroman, Ryan and Greenholt', 'b9756995-a82e-4046-88a6-6f1676c32c47', '00075d47-e411-450b-9c40-7f77864a0d60');
insert into "class" ("id", "name", "school_id", "classroom_id") values ('c18f1299-aa6f-4f0e-b3a7-00727a86d94a', 'Stamm, Brown and Waelchi', 'f8d41962-e36c-40b7-8852-86af2afce85f', 'c5bd49fa-bea9-40f8-863d-c90be8d75c37');
insert into "class" ("id", "name", "school_id", "classroom_id") values ('c3b651bd-4ac6-4b2a-a914-e170dc960dfc', 'Fadel and Sons', 'd1089f3a-ef6a-4c5f-90fa-8190a855e36b', '632caf99-616d-4c6c-a635-e3c56c0d45ee');
insert into "class" ("id", "name", "school_id", "classroom_id") values ('c264b6f9-c989-45ba-b16d-430ff7830e1b', 'Rohan, Gibson and Borer', '386852c4-2c2e-4097-ba86-4f24f03726c7', null);
insert into "class" ("id", "name", "school_id", "classroom_id") values ('ba3956e8-fdaa-461e-b230-7f24d7d7e147', 'Ryan-Casper', '9e557ce0-57f5-4418-84c7-30875b55d6bd', null);
insert into "class" ("id", "name", "school_id", "classroom_id") values ('1e575b36-ee6d-4057-9dc5-429b1027d07e', 'Roberts, Rowe and Hyatt', '0836cffb-2846-4ade-a032-b799e1cfa34d', null);
insert into "class" ("id", "name", "school_id", "classroom_id") values ('e3ccd79c-3ba5-4546-80d7-416f49885daa', 'Cormier Group', '35cb6bb4-04e1-42c0-ab9c-fe70d3ac8522', null);
insert into "class" ("id", "name", "school_id", "classroom_id") values ('4849a850-8f61-4c77-8047-35275f6dddc7', 'Schaden, Schinner and Bauch', 'ebc73228-b241-4262-b865-11c9b507184f', null);
insert into "class" ("id", "name", "school_id", "classroom_id") values ('f4ab0bbb-c077-4827-bc28-c24a258276d0', 'Smitham, Durgan and Cremin', 'd1fd9ae9-41bd-46b6-bb8b-bdcac6c52092', null);
insert into "class" ("id", "name", "school_id", "classroom_id") values ('73a34bdc-98c9-4f8f-9955-d3764c1335a6', 'Gerlach-Wuckert', '40e4ab4c-a90b-4f8d-8366-24337d15b69d', null);
insert into "class" ("id", "name", "school_id", "classroom_id") values ('9261119d-0160-4a05-93e4-4483c8c93387', 'Hyatt, Franecki and Beer', 'b9756995-a82e-4046-88a6-6f1676c32c47', null);
insert into "class" ("id", "name", "school_id", "classroom_id") values ('74330f34-d740-4fa9-b9af-f47c56b873db', 'Kub Group', 'f8d41962-e36c-40b7-8852-86af2afce85f', null);
insert into "class" ("id", "name", "school_id", "classroom_id") values ('ca031c1c-d39e-4d8e-8d8e-952d7e9b57c3', 'Price Group', 'd1089f3a-ef6a-4c5f-90fa-8190a855e36b', null);

-- CLASS END

-- USER

insert into "user" ("id", "first_name", "last_name") values ('dc37e6d8-173c-418b-a306-52146839bf52', 'Barbette', 'Pawlick');
insert into "user" ("id", "first_name", "last_name") values ('e642905e-8d2a-462e-a53a-4e71abe6dc25', 'Maison', 'McManus');
insert into "user" ("id", "first_name", "last_name") values ('b0acbec0-4d97-4cc7-920b-8684341aabe8', 'Kath', 'Davidou');
insert into "user" ("id", "first_name", "last_name") values ('469a373a-22b8-463e-be0e-bac081b1824b', 'Wynn', 'Freezor');
insert into "user" ("id", "first_name", "last_name") values ('eb987d6e-8eea-4cd5-a266-c0e47908a126', 'Dew', 'Okey');
insert into "user" ("id", "first_name", "last_name") values ('10bc048e-1fc8-482d-98c1-ebf90bb2f4c0', 'Trenna', 'Handes');
insert into "user" ("id", "first_name", "last_name") values ('3b03354c-15a2-4c7a-974e-1807cb158363', 'Tabatha', 'Medina');
insert into "user" ("id", "first_name", "last_name") values ('e8aaba53-c145-499e-b826-7b60c6236d46', 'Wyatan', 'Castiglioni');
insert into "user" ("id", "first_name", "last_name") values ('8e1f8e82-fc49-4e28-996b-ff31718f2ba1', 'Ajay', 'Nairn');
insert into "user" ("id", "first_name", "last_name") values ('bf251ba8-f20e-49c4-9770-972065512781', 'Alfie', 'Jennison');
insert into "user" ("id", "first_name", "last_name") values ('7277eff6-e51a-46e1-a038-3179340eafc8', 'Franklin', 'Adamek');
insert into "user" ("id", "first_name", "last_name") values ('7e013e54-a2e0-4528-99c2-6d3a488f1dbd', 'Nikolia', 'Blaisdale');
insert into "user" ("id", "first_name", "last_name") values ('281921cf-bbdd-4130-b009-4364ba8b01cd', 'Lenci', 'Moneti');
insert into "user" ("id", "first_name", "last_name") values ('60610b8b-0940-45b3-a788-4cf8a4a4db98', 'Antonio', 'Redholes');
insert into "user" ("id", "first_name", "last_name") values ('11a181f3-b50b-4b88-8575-bbcdc3994c9a', 'Kippie', 'Ponsford');
insert into "user" ("id", "first_name", "last_name") values ('6cd7205c-04dc-4901-88c0-6428400e067e', 'Carlin', 'Haggar');
insert into "user" ("id", "first_name", "last_name") values ('153469cd-2364-47d0-8e17-f0881173db53', 'Constance', 'Massie');
insert into "user" ("id", "first_name", "last_name") values ('f11ea9d6-1ffe-4ac8-915d-824bb12121c1', 'Timmie', 'Kilfedder');
insert into "user" ("id", "first_name", "last_name") values ('508ca451-01a1-4f60-b3c0-1140f0b2e8f4', 'Kyrstin', 'Degan');
insert into "user" ("id", "first_name", "last_name") values ('7c1367d7-8375-4eb7-a6c0-7da8682c1986', 'Joanna', 'Absolem');

-- USER END

-- ROLE

insert into "role" ("id", "type", "user_id", "school_id", "class_id", "subject_id") values ('6dd8d0ba-b15b-46af-a4d4-2ecd641ff778', 'student', 'dc37e6d8-173c-418b-a306-52146839bf52', '386852c4-2c2e-4097-ba86-4f24f03726c7', '96a42758-13b9-42fc-a307-f4e4a1b90a93', null);
insert into "role" ("id", "type", "user_id", "school_id", "class_id", "subject_id") values ('73b7e254-7c9f-4951-a91b-354742864e67', 'student', 'e642905e-8d2a-462e-a53a-4e71abe6dc25', '386852c4-2c2e-4097-ba86-4f24f03726c7', '96a42758-13b9-42fc-a307-f4e4a1b90a93', null);
insert into "role" ("id", "type", "user_id", "school_id", "class_id", "subject_id") values ('70d49cd3-db6e-4f89-9813-52bad54cb696', 'student', 'b0acbec0-4d97-4cc7-920b-8684341aabe8', '386852c4-2c2e-4097-ba86-4f24f03726c7', '96a42758-13b9-42fc-a307-f4e4a1b90a93', null);
insert into "role" ("id", "type", "user_id", "school_id", "class_id", "subject_id") values ('04a26366-160a-4153-a517-d00fa55d194d', 'student', '469a373a-22b8-463e-be0e-bac081b1824b', '386852c4-2c2e-4097-ba86-4f24f03726c7', '96a42758-13b9-42fc-a307-f4e4a1b90a93', null);
insert into "role" ("id", "type", "user_id", "school_id", "class_id", "subject_id") values ('3058b5dc-ba9d-4a50-b965-093425d356f0', 'student', 'eb987d6e-8eea-4cd5-a266-c0e47908a126', '386852c4-2c2e-4097-ba86-4f24f03726c7', '96a42758-13b9-42fc-a307-f4e4a1b90a93', null);
insert into "role" ("id", "type", "user_id", "school_id", "class_id", "subject_id") values ('e3aaa3da-83e2-46b8-aa11-944e66d60929', 'student', '10bc048e-1fc8-482d-98c1-ebf90bb2f4c0', '9e557ce0-57f5-4418-84c7-30875b55d6bd', '147fb12c-2b6a-49f8-a02f-f9e740b8d7b6', null);
insert into "role" ("id", "type", "user_id", "school_id", "class_id", "subject_id") values ('197161b1-47fe-4f1e-a477-029778e92450', 'student', '3b03354c-15a2-4c7a-974e-1807cb158363', '9e557ce0-57f5-4418-84c7-30875b55d6bd', '147fb12c-2b6a-49f8-a02f-f9e740b8d7b6', null);
insert into "role" ("id", "type", "user_id", "school_id", "class_id", "subject_id") values ('0b39e35c-ca15-4fe6-ae65-ad918f54e905', 'student', 'e8aaba53-c145-499e-b826-7b60c6236d46', '9e557ce0-57f5-4418-84c7-30875b55d6bd', '147fb12c-2b6a-49f8-a02f-f9e740b8d7b6', null);
insert into "role" ("id", "type", "user_id", "school_id", "class_id", "subject_id") values ('4b88b840-2c36-4ee8-981f-cf79d550ae5a', 'student', '8e1f8e82-fc49-4e28-996b-ff31718f2ba1', '9e557ce0-57f5-4418-84c7-30875b55d6bd', '147fb12c-2b6a-49f8-a02f-f9e740b8d7b6', null);
insert into "role" ("id", "type", "user_id", "school_id", "class_id", "subject_id") values ('4de37463-1769-44e3-af16-27620f943cf0', 'teacher', 'bf251ba8-f20e-49c4-9770-972065512781', '386852c4-2c2e-4097-ba86-4f24f03726c7', '96a42758-13b9-42fc-a307-f4e4a1b90a93', 'fb257f25-03e4-4339-be7c-bd1df01a4a86');
insert into "role" ("id", "type", "user_id", "school_id", "class_id", "subject_id") values ('cdde6fcb-6b99-4809-b634-cd20f324c2ee', 'teacher', '7277eff6-e51a-46e1-a038-3179340eafc8', '386852c4-2c2e-4097-ba86-4f24f03726c7', null, 'fb257f25-03e4-4339-be7c-bd1df01a4a86');
insert into "role" ("id", "type", "user_id", "school_id", "class_id", "subject_id") values ('d8c15d4d-5c94-4b2c-ae54-7ae01bb7a6d2', 'teacher', '7e013e54-a2e0-4528-99c2-6d3a488f1dbd', '386852c4-2c2e-4097-ba86-4f24f03726c7', null, '6ca986ba-ba22-448b-8273-449091cdb5f0');
insert into "role" ("id", "type", "user_id", "school_id", "class_id", "subject_id") values ('402e28d8-9723-4507-9ac6-847830d13b8b', 'teacher', '281921cf-bbdd-4130-b009-4364ba8b01cd', '386852c4-2c2e-4097-ba86-4f24f03726c7', null, 'f31dce9e-36f8-4184-b692-dfad03c83816');
insert into "role" ("id", "type", "user_id", "school_id", "class_id", "subject_id") values ('20a9e921-45b1-4d2e-b4a9-3e6035eb9b2d', 'teacher', '60610b8b-0940-45b3-a788-4cf8a4a4db98', '386852c4-2c2e-4097-ba86-4f24f03726c7', null, '5144a134-4d66-4081-951b-fa00f498e490');
insert into "role" ("id", "type", "user_id", "school_id", "class_id", "subject_id") values ('2d4d4cc6-f6ed-48c6-aa4b-8085dbe86079', 'teacher', '11a181f3-b50b-4b88-8575-bbcdc3994c9a', '9e557ce0-57f5-4418-84c7-30875b55d6bd', '147fb12c-2b6a-49f8-a02f-f9e740b8d7b6', 'fac2890e-87b4-4e5b-8324-e7bca27465af');
insert into "role" ("id", "type", "user_id", "school_id", "class_id", "subject_id") values ('42b99918-2718-4270-ac84-4c773c9d20ab', 'teacher', '6cd7205c-04dc-4901-88c0-6428400e067e', '9e557ce0-57f5-4418-84c7-30875b55d6bd', null, 'fac2890e-87b4-4e5b-8324-e7bca27465af');
insert into "role" ("id", "type", "user_id", "school_id", "class_id", "subject_id") values ('8161d53c-9839-4014-b221-d33971d623ee', 'teacher', '153469cd-2364-47d0-8e17-f0881173db53', '9e557ce0-57f5-4418-84c7-30875b55d6bd', null, '2dfab516-dc73-490a-9cc0-fad8ca08f367');
insert into "role" ("id", "type", "user_id", "school_id", "class_id", "subject_id") values ('d7bae4d4-fd2a-4e10-8db1-b671c0940361', 'teacher', 'f11ea9d6-1ffe-4ac8-915d-824bb12121c1', '9e557ce0-57f5-4418-84c7-30875b55d6bd', null, '284adc94-1c89-40d2-8af6-f3c1aae13efd');
insert into "role" ("id", "type", "user_id", "school_id", "class_id", "subject_id") values ('feaf4c3a-418b-45b0-aa76-52982e775f05', 'headmaster', '508ca451-01a1-4f60-b3c0-1140f0b2e8f4', '386852c4-2c2e-4097-ba86-4f24f03726c7', null, null);
insert into "role" ("id", "type", "user_id", "school_id", "class_id", "subject_id") values ('8c2314ef-3d43-4994-950e-4f55ecdc1371', 'headmaster', '7c1367d7-8375-4eb7-a6c0-7da8682c1986', '9e557ce0-57f5-4418-84c7-30875b55d6bd', null, null);

-- ROLE END

-- EVENT
insert into "event" ("id", "class_id", "role_id", "classroom_id", "subject_id") values ('e5a8e62f-0f12-4a66-956e-8a3f1836390e', '96a42758-13b9-42fc-a307-f4e4a1b90a93', 'cdde6fcb-6b99-4809-b634-cd20f324c2ee', '90961900-f9ba-46f5-b42f-57a27ae2bd28', 'fb257f25-03e4-4339-be7c-bd1df01a4a86');
insert into "event" ("id", "class_id", "role_id", "classroom_id", "subject_id") values ('1ffac42c-6111-44d3-8bea-c1914345514a', '96a42758-13b9-42fc-a307-f4e4a1b90a93', 'cdde6fcb-6b99-4809-b634-cd20f324c2ee', '408096c0-a630-495b-bdf0-5d0a35e0767e', 'a364ba9c-9078-4679-b098-bd151bb86afa');
insert into "event" ("id", "class_id", "role_id", "classroom_id", "subject_id") values ('f35cf563-98a6-4ca3-874c-06d36eee7289', '96a42758-13b9-42fc-a307-f4e4a1b90a93', 'd8c15d4d-5c94-4b2c-ae54-7ae01bb7a6d2', '90961900-f9ba-46f5-b42f-57a27ae2bd28', '53f03d14-b63c-49c6-a626-754650f03667');
insert into "event" ("id", "class_id", "role_id", "classroom_id", "subject_id") values ('c40e09e2-17f7-4434-af23-0e231c28da1a', '96a42758-13b9-42fc-a307-f4e4a1b90a93', '402e28d8-9723-4507-9ac6-847830d13b8b', '408096c0-a630-495b-bdf0-5d0a35e0767e', 'fac2890e-87b4-4e5b-8324-e7bca27465af');
insert into "event" ("id", "class_id", "role_id", "classroom_id", "subject_id") values ('9580a14b-513f-47de-ad42-0f64dd78cdf4', '96a42758-13b9-42fc-a307-f4e4a1b90a93', '2d4d4cc6-f6ed-48c6-aa4b-8085dbe86079', '90961900-f9ba-46f5-b42f-57a27ae2bd28', '2dfab516-dc73-490a-9cc0-fad8ca08f367');
insert into "event" ("id", "class_id", "role_id", "classroom_id", "subject_id") values ('ed717557-dadd-4013-b79c-4ad9040afbbd', 'b643bfc9-a0f3-405b-ad67-3c9045d65f2a', '6cd7205c-04dc-4901-88c0-6428400e067e', null, '6ca986ba-ba22-448b-8273-449091cdb5f0', 'c4e51a55-22cf-4930-82c8-4a2b3534cd2e');
insert into "event" ("id", "class_id", "role_id", "classroom_id", "subject_id") values ('12264a87-ff7b-467b-bd78-02bfea651bf1', 'b643bfc9-a0f3-405b-ad67-3c9045d65f2a', '11a181f3-b50b-4b88-8575-bbcdc3994c9a', '147fb12c-2b6a-49f8-a02f-f9e740b8d7b6', '0b6b0a20-4551-4200-bfec-eb4c713650ec');
insert into "event" ("id", "class_id", "role_id", "classroom_id", "subject_id") values ('78ceaaa9-f9c9-421c-98da-897268879f32', 'b643bfc9-a0f3-405b-ad67-3c9045d65f2a', '6cd7205c-04dc-4901-88c0-6428400e067e', 'cdeb8c99-7a79-433b-9475-3339652f7850', '7c505172-571a-48b2-b9e9-062665c404d7');
insert into "event" ("id", "class_id", "role_id", "classroom_id", "subject_id") values ('a6951c9c-76bd-406c-bcde-840ce4b356ed', 'b643bfc9-a0f3-405b-ad67-3c9045d65f2a', '153469cd-2364-47d0-8e17-f0881173db53', '147fb12c-2b6a-49f8-a02f-f9e740b8d7b6', '3cfe6079-ab35-4604-9838-89e251d117ce');
insert into "event" ("id", "class_id", "role_id", "classroom_id", "subject_id") values ('c3865328-2007-4016-9ef9-4d2b807a9958', 'b643bfc9-a0f3-405b-ad67-3c9045d65f2a', 'f11ea9d6-1ffe-4ac8-915d-824bb12121c1', null, '26d03e5e-31e2-4734-b564-65c26c52f39b');
insert into "event" ("id", "class_id", "role_id", "classroom_id", "subject_id") values ('bfee891c-a3b4-45a2-8486-65e3d585e0b2', 'b643bfc9-a0f3-405b-ad67-3c9045d65f2a', '11a181f3-b50b-4b88-8575-bbcdc3994c9a', null, '26d03e5e-31e2-4734-b564-65c26c52f39b');
-- EVENT END
